"DateTime","Final price","Historical Low"
"2014-03-07 05:40:03",49.99,49.99
"2014-06-19 19:00:03",33.49,33.49
"2014-06-21 09:18:05",49.99,33.49
"2014-08-26 04:30:27",39.99,33.49
"2014-11-27 20:37:36",39.99,33.49
"2014-12-18 18:54:37",14.79,14.79
"2014-12-20 18:16:38",19.99,14.79
"2014-12-31 18:06:09",14.79,14.79
"2015-01-02 18:29:25",39.99,14.79
"2015-09-10 17:05:27",19.99,14.79
"2015-09-14 17:21:33",39.99,14.79
"2015-11-25 18:17:04",19.99,14.79
"2015-12-01 18:29:34",39.99,14.79
"2015-12-22 19:17:03",15.19,14.79
"2016-01-04 19:12:25",39.99,14.79
"2016-02-05 18:39:57",18.79,14.79
"2016-02-05 18:43:39",18.79,14.79
"2016-02-12 18:39:06",39.99,14.79
"2016-11-23 20:01:02",9.99,9.99
"2016-11-30 19:56:23",39.99,9.99
"2016-12-22 20:10:44",11.99,9.99
"2017-01-02 18:17:40",39.99,9.99
"2017-06-22 17:35:04",11.99,9.99
"2017-07-05 17:33:06",39.99,9.99
"2017-09-14 17:10:21",9.99,9.99
"2017-09-18 17:10:53",39.99,9.99
"2017-11-22 18:02:20",9.99,9.99
"2017-11-22 18:18:08",39.99,9.99
"2017-11-22 18:45:34",9.99,9.99
"2017-11-28 18:15:26",39.99,9.99
"2017-12-21 18:08:28",9.99,9.99
"2018-01-04 18:38:50",39.99,9.99
"2018-06-21 17:32:45",9.99,9.99
"2018-07-05 17:19:13",39.99,9.99
"2018-10-29 17:15:32",9.99,9.99
"2018-11-05 18:19:46",39.99,9.99
"2018-11-21 18:53:56",9.99,9.99
"2018-11-27 18:38:20",39.99,9.99
"2018-12-20 18:06:45",9.99,9.99
"2019-01-03 19:15:32",39.99,9.99
"2019-02-04 18:11:01",9.99,9.99
"2019-02-11 21:03:49",39.99,9.99
"2019-06-13 17:10:18",9.99,9.99
"2019-06-17 17:11:09",39.99,9.99
"2019-06-25 17:44:40",9.99,9.99
"2019-07-09 18:00:18",39.99,9.99
"2019-09-05 17:10:41",9.99,9.99
"2019-09-09 18:00:00",39.99,9.99
"2019-10-28 17:11:08",9.99,9.99
"2019-11-01 17:19:58",39.99,9.99
"2019-11-26 18:11:58",9.99,9.99
"2019-12-03 18:12:46",39.99,9.99
"2019-12-19 18:06:51",9.99,9.99
"2020-01-02 18:19:30",39.99,9.99
"2020-01-23 18:15:46",9.99,9.99
"2020-01-27 18:24:23",39.99,9.99
"2020-04-16 17:11:08",9.99,9.99
"2020-04-20 17:30:10",39.99,9.99
"2020-11-25 18:13:12",9.99,9.99
"2020-12-01 18:18:59",39.99,9.99
"2020-12-22 19:44:58",9.99,9.99
"2021-01-05 19:41:37",39.99,9.99
"2021-02-11 18:11:27",9.99,9.99
"2021-02-15 18:41:05",39.99,9.99
"2021-06-18 21:23:18",9.99,9.99
"2021-07-08 17:27:48",39.99,9.99
"2021-11-24 18:01:31",19.99,9.99
"2021-11-24 18:07:36",39.99,9.99
"2021-11-24 18:13:02",19.99,9.99
"2021-12-01 18:20:13",39.99,9.99
"2021-12-22 18:08:06",9.99,9.99
"2021-12-22 18:12:32",9.99,9.99
"2022-01-05 18:20:20",39.99,9.99
"2023-06-29 17:25:16",19.99,9.99
"2023-07-13 17:21:29",39.99,9.99
"2023-09-07 17:01:21",19.99,9.99
"2023-09-11 17:21:21",39.99,9.99
"2023-11-21 18:08:33",19.99,9.99
"2023-11-28 18:26:38",39.99,9.99
"2024-02-08 18:01:22",19.99,9.99
"2024-02-22 18:01:26",39.99,9.99
"2024-05-09 17:01:25",19.99,9.99
"2024-05-16 17:01:25",39.99,9.99
"2024-09-26 17:01:24",19.99,9.99
"2024-10-10 17:01:23",39.99,9.99
"2024-11-27 18:20:44",19.99,9.99
"2024-12-04 18:26:35",39.99,9.99
"2025-05-01 17:01:20",19.99,9.99
"2025-05-15 17:01:12",39.99,9.99
"2025-09-29 17:08:47",19.99,9.99
"2025-10-06 17:11:17",39.99,9.99
"2025-11-20 17:05:03",19.99,9.99
"2025-12-04 17:05:02",39.99,9.99
"2026-02-12 18:03:18",19.99,9.99
"2026-02-26 18:13:04",39.99,9.99
"2026-04-20 17:13:08",9.99,9.99
"2026-04-27 17:13:09",39.99,9.99
"2026-09-30 03:25:24",39.99,9.99
"2026-09-30 03:25:24",,9.99