Date,Price,historical_low,price_above_low,percent_above_low,days_since_price_change,days_since_sale,sales_last_365_days,avg_price_last_365_days,price_changes_last_365_days,cheaper_within_30_days
2025-02-13,39.99,39.99,0.0,0.0,0,0,0.0,39.99,0.0,0
2025-02-14,39.99,39.99,0.0,0.0,1,1,0.0,39.99,0.0,0
2025-02-15,39.99,39.99,0.0,0.0,2,2,0.0,39.99,0.0,0
2025-02-16,39.99,39.99,0.0,0.0,3,3,0.0,39.99,0.0,0
2025-02-17,39.99,39.99,0.0,0.0,4,4,0.0,39.99,0.0,0
2025-02-18,39.99,39.99,0.0,0.0,5,5,0.0,39.99,0.0,0
2025-02-19,39.99,39.99,0.0,0.0,6,6,0.0,39.99,0.0,0
2025-02-20,39.99,39.99,0.0,0.0,7,7,0.0,39.99,0.0,0
2025-02-21,39.99,39.99,0.0,0.0,8,8,0.0,39.99,0.0,0
2025-02-22,39.99,39.99,0.0,0.0,9,9,0.0,39.99,0.0,0
2025-02-23,39.99,39.99,0.0,0.0,10,10,0.0,39.99,0.0,0
2025-02-24,39.99,39.99,0.0,0.0,11,11,0.0,39.99,0.0,0
2025-02-25,39.99,39.99,0.0,0.0,12,12,0.0,39.99,0.0,0
2025-02-26,39.99,39.99,0.0,0.0,13,13,0.0,39.99,0.0,0
2025-02-27,39.99,39.99,0.0,0.0,14,14,0.0,39.99,0.0,0
2025-02-28,39.99,39.99,0.0,0.0,15,15,0.0,39.99,0.0,0
2025-03-01,39.99,39.99,0.0,0.0,16,16,0.0,39.99,0.0,0
2025-03-02,39.99,39.99,0.0,0.0,17,17,0.0,39.99,0.0,0
2025-03-03,39.99,39.99,0.0,0.0,18,18,0.0,39.99,0.0,0
2025-03-04,39.99,39.99,0.0,0.0,19,19,0.0,39.99,0.0,0
2025-03-05,39.99,39.99,0.0,0.0,20,20,0.0,39.99,0.0,0
2025-03-06,39.99,39.99,0.0,0.0,21,21,0.0,39.99,0.0,0
2025-03-07,39.99,39.99,0.0,0.0,22,22,0.0,39.99,0.0,0
2025-03-08,39.99,39.99,0.0,0.0,23,23,0.0,39.99,0.0,0
2025-03-09,39.99,39.99,0.0,0.0,24,24,0.0,39.99,0.0,0
2025-03-10,39.99,39.99,0.0,0.0,25,25,0.0,39.99,0.0,0
2025-03-11,39.99,39.99,0.0,0.0,26,26,0.0,39.99,0.0,0
2025-03-12,39.99,39.99,0.0,0.0,27,27,0.0,39.99,0.0,0
2025-03-13,39.99,39.99,0.0,0.0,28,28,0.0,39.99,0.0,0
2025-03-14,39.99,39.99,0.0,0.0,29,29,0.0,39.99,0.0,0
2025-03-15,39.99,39.99,0.0,0.0,30,30,0.0,39.99,0.0,0
2025-03-16,39.99,39.99,0.0,0.0,31,31,0.0,39.99,0.0,0
2025-03-17,39.99,39.99,0.0,0.0,32,32,0.0,39.99,0.0,0
2025-03-18,39.99,39.99,0.0,0.0,33,33,0.0,39.99,0.0,0
2025-03-19,39.99,39.99,0.0,0.0,34,34,0.0,39.99,0.0,0
2025-03-20,39.99,39.99,0.0,0.0,35,35,0.0,39.99,0.0,0
2025-03-21,39.99,39.99,0.0,0.0,36,36,0.0,39.99,0.0,0
2025-03-22,39.99,39.99,0.0,0.0,37,37,0.0,39.99,0.0,0
2025-03-23,39.99,39.99,0.0,0.0,38,38,0.0,39.99,0.0,0
2025-03-24,39.99,39.99,0.0,0.0,39,39,0.0,39.99,0.0,0
2025-03-25,39.99,39.99,0.0,0.0,40,40,0.0,39.99,0.0,0
2025-03-26,39.99,39.99,0.0,0.0,41,41,0.0,39.99,0.0,0
2025-03-27,39.99,39.99,0.0,0.0,42,42,0.0,39.99,0.0,0
2025-03-28,39.99,39.99,0.0,0.0,43,43,0.0,39.99,0.0,0
2025-03-29,39.99,39.99,0.0,0.0,44,44,0.0,39.99,0.0,0
2025-03-30,39.99,39.99,0.0,0.0,45,45,0.0,39.99,0.0,0
2025-03-31,39.99,39.99,0.0,0.0,46,46,0.0,39.99,0.0,0
2025-04-01,39.99,39.99,0.0,0.0,47,47,0.0,39.99,0.0,0
2025-04-02,39.99,39.99,0.0,0.0,48,48,0.0,39.99,0.0,0
2025-04-03,39.99,39.99,0.0,0.0,49,49,0.0,39.99,0.0,0
2025-04-04,39.99,39.99,0.0,0.0,50,50,0.0,39.99,0.0,0
2025-04-05,39.99,39.99,0.0,0.0,51,51,0.0,39.99,0.0,0
2025-04-06,39.99,39.99,0.0,0.0,52,52,0.0,39.99,0.0,0
2025-04-07,39.99,39.99,0.0,0.0,53,53,0.0,39.99,0.0,0
2025-04-08,39.99,39.99,0.0,0.0,54,54,0.0,39.99,0.0,0
2025-04-09,39.99,39.99,0.0,0.0,55,55,0.0,39.99,0.0,0
2025-04-10,39.99,39.99,0.0,0.0,56,56,0.0,39.99,0.0,0
2025-04-11,39.99,39.99,0.0,0.0,57,57,0.0,39.99,0.0,0
2025-04-12,39.99,39.99,0.0,0.0,58,58,0.0,39.99,0.0,0
2025-04-13,39.99,39.99,0.0,0.0,59,59,0.0,39.99,0.0,0
2025-04-14,39.99,39.99,0.0,0.0,60,60,0.0,39.99,0.0,0
2025-04-15,39.99,39.99,0.0,0.0,61,61,0.0,39.99,0.0,0
2025-04-16,39.99,39.99,0.0,0.0,62,62,0.0,39.99,0.0,0
2025-04-17,39.99,39.99,0.0,0.0,63,63,0.0,39.99,0.0,0
2025-04-18,39.99,39.99,0.0,0.0,64,64,0.0,39.99,0.0,0
2025-04-19,39.99,39.99,0.0,0.0,65,65,0.0,39.99,0.0,0
2025-04-20,39.99,39.99,0.0,0.0,66,66,0.0,39.99,0.0,0
2025-04-21,39.99,39.99,0.0,0.0,67,67,0.0,39.99,0.0,0
2025-04-22,39.99,39.99,0.0,0.0,68,68,0.0,39.99,0.0,0
2025-04-23,39.99,39.99,0.0,0.0,69,69,0.0,39.99,0.0,0
2025-04-24,39.99,39.99,0.0,0.0,70,70,0.0,39.99,0.0,0
2025-04-25,39.99,39.99,0.0,0.0,71,71,0.0,39.99,0.0,0
2025-04-26,39.99,39.99,0.0,0.0,72,72,0.0,39.99,0.0,0
2025-04-27,39.99,39.99,0.0,0.0,73,73,0.0,39.99,0.0,0
2025-04-28,39.99,39.99,0.0,0.0,74,74,0.0,39.99,0.0,0
2025-04-29,39.99,39.99,0.0,0.0,75,75,0.0,39.99,0.0,0
2025-04-30,39.99,39.99,0.0,0.0,76,76,0.0,39.99,0.0,0
2025-05-01,39.99,39.99,0.0,0.0,77,77,0.0,39.99,0.0,0
2025-05-02,39.99,39.99,0.0,0.0,78,78,0.0,39.99,0.0,0
2025-05-03,39.99,39.99,0.0,0.0,79,79,0.0,39.99,0.0,0
2025-05-04,39.99,39.99,0.0,0.0,80,80,0.0,39.99,0.0,0
2025-05-05,39.99,39.99,0.0,0.0,81,81,0.0,39.99,0.0,0
2025-05-06,39.99,39.99,0.0,0.0,82,82,0.0,39.99,0.0,0
2025-05-07,39.99,39.99,0.0,0.0,83,83,0.0,39.99,0.0,0
2025-05-08,39.99,39.99,0.0,0.0,84,84,0.0,39.99,0.0,0
2025-05-09,39.99,39.99,0.0,0.0,85,85,0.0,39.99,0.0,0
2025-05-10,39.99,39.99,0.0,0.0,86,86,0.0,39.99,0.0,0
2025-05-11,39.99,39.99,0.0,0.0,87,87,0.0,39.99,0.0,0
2025-05-12,39.99,39.99,0.0,0.0,88,88,0.0,39.99,0.0,0
2025-05-13,39.99,39.99,0.0,0.0,89,89,0.0,39.99,0.0,0
2025-05-14,39.99,39.99,0.0,0.0,90,90,0.0,39.99,0.0,0
2025-05-15,39.99,39.99,0.0,0.0,91,91,0.0,39.99,0.0,0
2025-05-16,39.99,39.99,0.0,0.0,92,92,0.0,39.99,0.0,0
2025-05-17,39.99,39.99,0.0,0.0,93,93,0.0,39.99,0.0,0
2025-05-18,39.99,39.99,0.0,0.0,94,94,0.0,39.99,0.0,0
2025-05-19,39.99,39.99,0.0,0.0,95,95,0.0,39.99,0.0,0
2025-05-20,39.99,39.99,0.0,0.0,96,96,0.0,39.99,0.0,0
2025-05-21,39.99,39.99,0.0,0.0,97,97,0.0,39.99,0.0,0
2025-05-22,39.99,39.99,0.0,0.0,98,98,0.0,39.99,0.0,0
2025-05-23,39.99,39.99,0.0,0.0,99,99,0.0,39.99,0.0,0
2025-05-24,39.99,39.99,0.0,0.0,100,100,0.0,39.99,0.0,0
2025-05-25,39.99,39.99,0.0,0.0,101,101,0.0,39.99,0.0,0
2025-05-26,39.99,39.99,0.0,0.0,102,102,0.0,39.99,0.0,0
2025-05-27,39.99,39.99,0.0,0.0,103,103,0.0,39.99,0.0,0
2025-05-28,39.99,39.99,0.0,0.0,104,104,0.0,39.99,0.0,0
2025-05-29,39.99,39.99,0.0,0.0,105,105,0.0,39.99,0.0,0
2025-05-30,39.99,39.99,0.0,0.0,106,106,0.0,39.99,0.0,0
2025-05-31,39.99,39.99,0.0,0.0,107,107,0.0,39.99,0.0,0
2025-06-01,39.99,39.99,0.0,0.0,108,108,0.0,39.99,0.0,0
2025-06-02,39.99,39.99,0.0,0.0,109,109,0.0,39.99,0.0,0
2025-06-03,39.99,39.99,0.0,0.0,110,110,0.0,39.99,0.0,0
2025-06-04,39.99,39.99,0.0,0.0,111,111,0.0,39.99,0.0,0
2025-06-05,39.99,39.99,0.0,0.0,112,112,0.0,39.99,0.0,0
2025-06-06,39.99,39.99,0.0,0.0,113,113,0.0,39.99,0.0,0
2025-06-07,39.99,39.99,0.0,0.0,114,114,0.0,39.99,0.0,0
2025-06-08,39.99,39.99,0.0,0.0,115,115,0.0,39.99,0.0,0
2025-06-09,39.99,39.99,0.0,0.0,116,116,0.0,39.99,0.0,0
2025-06-10,39.99,39.99,0.0,0.0,117,117,0.0,39.99,0.0,0
2025-06-11,39.99,39.99,0.0,0.0,118,118,0.0,39.99,0.0,0
2025-06-12,39.99,39.99,0.0,0.0,119,119,0.0,39.99,0.0,0
2025-06-13,39.99,39.99,0.0,0.0,120,120,0.0,39.99,0.0,0
2025-06-14,39.99,39.99,0.0,0.0,121,121,0.0,39.99,0.0,0
2025-06-15,39.99,39.99,0.0,0.0,122,122,0.0,39.99,0.0,0
2025-06-16,39.99,39.99,0.0,0.0,123,123,0.0,39.99,0.0,0
2025-06-17,39.99,39.99,0.0,0.0,124,124,0.0,39.99,0.0,0
2025-06-18,39.99,39.99,0.0,0.0,125,125,0.0,39.99,0.0,0
2025-06-19,39.99,39.99,0.0,0.0,126,126,0.0,39.99,0.0,0
2025-06-20,39.99,39.99,0.0,0.0,127,127,0.0,39.99,0.0,0
2025-06-21,39.99,39.99,0.0,0.0,128,128,0.0,39.99,0.0,0
2025-06-22,39.99,39.99,0.0,0.0,129,129,0.0,39.99,0.0,0
2025-06-23,39.99,39.99,0.0,0.0,130,130,0.0,39.99,0.0,0
2025-06-24,39.99,39.99,0.0,0.0,131,131,0.0,39.99,0.0,0
2025-06-25,39.99,39.99,0.0,0.0,132,132,0.0,39.99,0.0,0
2025-06-26,39.99,39.99,0.0,0.0,133,133,0.0,39.99,0.0,0
2025-06-27,39.99,39.99,0.0,0.0,134,134,0.0,39.99,0.0,0
2025-06-28,39.99,39.99,0.0,0.0,135,135,0.0,39.99,0.0,0
2025-06-29,39.99,39.99,0.0,0.0,136,136,0.0,39.99,0.0,0
2025-06-30,39.99,39.99,0.0,0.0,137,137,0.0,39.99,0.0,0
2025-07-01,39.99,39.99,0.0,0.0,138,138,0.0,39.99,0.0,0
2025-07-02,39.99,39.99,0.0,0.0,139,139,0.0,39.99,0.0,0
2025-07-03,39.99,39.99,0.0,0.0,140,140,0.0,39.99,0.0,0
2025-07-04,39.99,39.99,0.0,0.0,141,141,0.0,39.99,0.0,0
2025-07-05,39.99,39.99,0.0,0.0,142,142,0.0,39.99,0.0,0
2025-07-06,39.99,39.99,0.0,0.0,143,143,0.0,39.99,0.0,0
2025-07-07,39.99,39.99,0.0,0.0,144,144,0.0,39.99,0.0,0
2025-07-08,39.99,39.99,0.0,0.0,145,145,0.0,39.99,0.0,0
2025-07-09,39.99,39.99,0.0,0.0,146,146,0.0,39.99,0.0,0
2025-07-10,39.99,39.99,0.0,0.0,147,147,0.0,39.99,0.0,0
2025-07-11,39.99,39.99,0.0,0.0,148,148,0.0,39.99,0.0,0
2025-07-12,39.99,39.99,0.0,0.0,149,149,0.0,39.99,0.0,0
2025-07-13,39.99,39.99,0.0,0.0,150,150,0.0,39.99,0.0,0
2025-07-14,39.99,39.99,0.0,0.0,151,151,0.0,39.99,0.0,0
2025-07-15,39.99,39.99,0.0,0.0,152,152,0.0,39.99,0.0,0
2025-07-16,39.99,39.99,0.0,0.0,153,153,0.0,39.99,0.0,0
2025-07-17,39.99,39.99,0.0,0.0,154,154,0.0,39.99,0.0,0
2025-07-18,39.99,39.99,0.0,0.0,155,155,0.0,39.99,0.0,0
2025-07-19,39.99,39.99,0.0,0.0,156,156,0.0,39.99,0.0,0
2025-07-20,39.99,39.99,0.0,0.0,157,157,0.0,39.99,0.0,0
2025-07-21,39.99,39.99,0.0,0.0,158,158,0.0,39.99,0.0,0
2025-07-22,39.99,39.99,0.0,0.0,159,159,0.0,39.99,0.0,0
2025-07-23,39.99,39.99,0.0,0.0,160,160,0.0,39.99,0.0,0
2025-07-24,39.99,39.99,0.0,0.0,161,161,0.0,39.99,0.0,0
2025-07-25,39.99,39.99,0.0,0.0,162,162,0.0,39.99,0.0,0
2025-07-26,39.99,39.99,0.0,0.0,163,163,0.0,39.99,0.0,0
2025-07-27,39.99,39.99,0.0,0.0,164,164,0.0,39.99,0.0,0
2025-07-28,39.99,39.99,0.0,0.0,165,165,0.0,39.99,0.0,0
2025-07-29,39.99,39.99,0.0,0.0,166,166,0.0,39.99,0.0,0
2025-07-30,39.99,39.99,0.0,0.0,167,167,0.0,39.99,0.0,0
2025-07-31,39.99,39.99,0.0,0.0,168,168,0.0,39.99,0.0,0
2025-08-01,39.99,39.99,0.0,0.0,169,169,0.0,39.99,0.0,0
2025-08-02,39.99,39.99,0.0,0.0,170,170,0.0,39.99,0.0,0
2025-08-03,39.99,39.99,0.0,0.0,171,171,0.0,39.99,0.0,0
2025-08-04,39.99,39.99,0.0,0.0,172,172,0.0,39.99,0.0,0
2025-08-05,39.99,39.99,0.0,0.0,173,173,0.0,39.99,0.0,0
2025-08-06,39.99,39.99,0.0,0.0,174,174,0.0,39.99,0.0,0
2025-08-07,39.99,39.99,0.0,0.0,175,175,0.0,39.99,0.0,0
2025-08-08,39.99,39.99,0.0,0.0,176,176,0.0,39.99,0.0,0
2025-08-09,39.99,39.99,0.0,0.0,177,177,0.0,39.99,0.0,0
2025-08-10,39.99,39.99,0.0,0.0,178,178,0.0,39.99,0.0,0
2025-08-11,39.99,39.99,0.0,0.0,179,179,0.0,39.99,0.0,0
2025-08-12,39.99,39.99,0.0,0.0,180,180,0.0,39.99,0.0,0
2025-08-13,39.99,39.99,0.0,0.0,181,181,0.0,39.99,0.0,0
2025-08-14,39.99,39.99,0.0,0.0,182,182,0.0,39.99,0.0,0
2025-08-15,39.99,39.99,0.0,0.0,183,183,0.0,39.99,0.0,0
2025-08-16,39.99,39.99,0.0,0.0,184,184,0.0,39.99,0.0,0
2025-08-17,39.99,39.99,0.0,0.0,185,185,0.0,39.99,0.0,0
2025-08-18,39.99,39.99,0.0,0.0,186,186,0.0,39.99,0.0,0
2025-08-19,39.99,39.99,0.0,0.0,187,187,0.0,39.99,0.0,0
2025-08-20,39.99,39.99,0.0,0.0,188,188,0.0,39.99,0.0,0
2025-08-21,39.99,39.99,0.0,0.0,189,189,0.0,39.99,0.0,0
2025-08-22,39.99,39.99,0.0,0.0,190,190,0.0,39.99,0.0,0
2025-08-23,39.99,39.99,0.0,0.0,191,191,0.0,39.99,0.0,0
2025-08-24,39.99,39.99,0.0,0.0,192,192,0.0,39.99,0.0,0
2025-08-25,39.99,39.99,0.0,0.0,193,193,0.0,39.99,0.0,0
2025-08-26,39.99,39.99,0.0,0.0,194,194,0.0,39.99,0.0,0
2025-08-27,39.99,39.99,0.0,0.0,195,195,0.0,39.99,0.0,0
2025-08-28,39.99,39.99,0.0,0.0,196,196,0.0,39.99,0.0,0
2025-08-29,39.99,39.99,0.0,0.0,197,197,0.0,39.99,0.0,0
2025-08-30,39.99,39.99,0.0,0.0,198,198,0.0,39.99,0.0,0
2025-08-31,39.99,39.99,0.0,0.0,199,199,0.0,39.99,0.0,0
2025-09-01,39.99,39.99,0.0,0.0,200,200,0.0,39.99,0.0,0
2025-09-02,39.99,39.99,0.0,0.0,201,201,0.0,39.99,0.0,0
2025-09-03,39.99,39.99,0.0,0.0,202,202,0.0,39.99,0.0,0
2025-09-04,39.99,39.99,0.0,0.0,203,203,0.0,39.99,0.0,0
2025-09-05,39.99,39.99,0.0,0.0,204,204,0.0,39.99,0.0,0
2025-09-06,39.99,39.99,0.0,0.0,205,205,0.0,39.99,0.0,0
2025-09-07,39.99,39.99,0.0,0.0,206,206,0.0,39.99,0.0,0
2025-09-08,39.99,39.99,0.0,0.0,207,207,0.0,39.99,0.0,0
2025-09-09,39.99,39.99,0.0,0.0,208,208,0.0,39.99,0.0,0
2025-09-10,39.99,39.99,0.0,0.0,209,209,0.0,39.99,0.0,0
2025-09-11,39.99,39.99,0.0,0.0,210,210,0.0,39.99,0.0,0
2025-09-12,39.99,39.99,0.0,0.0,211,211,0.0,39.99,0.0,0
2025-09-13,39.99,39.99,0.0,0.0,212,212,0.0,39.99,0.0,0
2025-09-14,39.99,39.99,0.0,0.0,213,213,0.0,39.99,0.0,0
2025-09-15,39.99,39.99,0.0,0.0,214,214,0.0,39.99,0.0,0
2025-09-16,39.99,39.99,0.0,0.0,215,215,0.0,39.99,0.0,0
2025-09-17,39.99,39.99,0.0,0.0,216,216,0.0,39.99,0.0,0
2025-09-18,39.99,39.99,0.0,0.0,217,217,0.0,39.99,0.0,0
2025-09-19,39.99,39.99,0.0,0.0,218,218,0.0,39.99,0.0,0
2025-09-20,39.99,39.99,0.0,0.0,219,219,0.0,39.99,0.0,0
2025-09-21,39.99,39.99,0.0,0.0,220,220,0.0,39.99,0.0,0
2025-09-22,39.99,39.99,0.0,0.0,221,221,0.0,39.99,0.0,0
2025-09-23,39.99,39.99,0.0,0.0,222,222,0.0,39.99,0.0,0
2025-09-24,39.99,39.99,0.0,0.0,223,223,0.0,39.99,0.0,0
2025-09-25,39.99,39.99,0.0,0.0,224,224,0.0,39.99,0.0,0
2025-09-26,39.99,39.99,0.0,0.0,225,225,0.0,39.99,0.0,0
2025-09-27,39.99,39.99,0.0,0.0,226,226,0.0,39.99,0.0,0
2025-09-28,39.99,39.99,0.0,0.0,227,227,0.0,39.99,0.0,0
2025-09-29,39.99,39.99,0.0,0.0,228,228,0.0,39.99,0.0,0
2025-09-30,39.99,39.99,0.0,0.0,229,229,0.0,39.99,0.0,0
2025-10-01,39.99,39.99,0.0,0.0,230,230,0.0,39.99,0.0,0
2025-10-02,39.99,39.99,0.0,0.0,231,231,0.0,39.99,0.0,0
2025-10-03,39.99,39.99,0.0,0.0,232,232,0.0,39.99,0.0,0
2025-10-04,39.99,39.99,0.0,0.0,233,233,0.0,39.99,0.0,0
2025-10-05,39.99,39.99,0.0,0.0,234,234,0.0,39.99,0.0,0
2025-10-06,39.99,39.99,0.0,0.0,235,235,0.0,39.99,0.0,0
2025-10-07,39.99,39.99,0.0,0.0,236,236,0.0,39.99,0.0,0
2025-10-08,39.99,39.99,0.0,0.0,237,237,0.0,39.99,0.0,0
2025-10-09,39.99,39.99,0.0,0.0,238,238,0.0,39.99,0.0,0
2025-10-10,39.99,39.99,0.0,0.0,239,239,0.0,39.99,0.0,0
2025-10-11,39.99,39.99,0.0,0.0,240,240,0.0,39.99,0.0,0
2025-10-12,39.99,39.99,0.0,0.0,241,241,0.0,39.99,0.0,0
2025-10-13,39.99,39.99,0.0,0.0,242,242,0.0,39.99,0.0,0
2025-10-14,39.99,39.99,0.0,0.0,243,243,0.0,39.99,0.0,0
2025-10-15,39.99,39.99,0.0,0.0,244,244,0.0,39.99,0.0,0
2025-10-16,39.99,39.99,0.0,0.0,245,245,0.0,39.99,0.0,0
2025-10-17,39.99,39.99,0.0,0.0,246,246,0.0,39.99,0.0,0
2025-10-18,39.99,39.99,0.0,0.0,247,247,0.0,39.99,0.0,0
2025-10-19,39.99,39.99,0.0,0.0,248,248,0.0,39.99,0.0,0
2025-10-20,39.99,39.99,0.0,0.0,249,249,0.0,39.99,0.0,0
2025-10-21,39.99,39.99,0.0,0.0,250,250,0.0,39.99,0.0,0
2025-10-22,39.99,39.99,0.0,0.0,251,251,0.0,39.99,0.0,0
2025-10-23,39.99,39.99,0.0,0.0,252,252,0.0,39.99,0.0,0
2025-10-24,39.99,39.99,0.0,0.0,253,253,0.0,39.99,0.0,0
2025-10-25,39.99,39.99,0.0,0.0,254,254,0.0,39.99,0.0,0
2025-10-26,39.99,39.99,0.0,0.0,255,255,0.0,39.99,0.0,0
2025-10-27,39.99,39.99,0.0,0.0,256,256,0.0,39.99,0.0,0
2025-10-28,39.99,39.99,0.0,0.0,257,257,0.0,39.99,0.0,0
2025-10-29,39.99,39.99,0.0,0.0,258,258,0.0,39.99,0.0,0
2025-10-30,39.99,39.99,0.0,0.0,259,259,0.0,39.99,0.0,0
2025-10-31,39.99,39.99,0.0,0.0,260,260,0.0,39.99,0.0,0
2025-11-01,39.99,39.99,0.0,0.0,261,261,0.0,39.99,0.0,0
2025-11-02,39.99,39.99,0.0,0.0,262,262,0.0,39.99,0.0,0
2025-11-03,39.99,39.99,0.0,0.0,263,263,0.0,39.99,0.0,0
2025-11-04,39.99,39.99,0.0,0.0,264,264,0.0,39.99,0.0,0
2025-11-05,39.99,39.99,0.0,0.0,265,265,0.0,39.99,0.0,0
2025-11-06,39.99,39.99,0.0,0.0,266,266,0.0,39.99,0.0,0
2025-11-07,39.99,39.99,0.0,0.0,267,267,0.0,39.99,0.0,0
2025-11-08,39.99,39.99,0.0,0.0,268,268,0.0,39.99,0.0,0
2025-11-09,39.99,39.99,0.0,0.0,269,269,0.0,39.99,0.0,0
2025-11-10,39.99,39.99,0.0,0.0,270,270,0.0,39.99,0.0,0
2025-11-11,39.99,39.99,0.0,0.0,271,271,0.0,39.99,0.0,0
2025-11-12,39.99,39.99,0.0,0.0,272,272,0.0,39.99,0.0,0
2025-11-13,39.99,39.99,0.0,0.0,273,273,0.0,39.99,0.0,0
2025-11-14,39.99,39.99,0.0,0.0,274,274,0.0,39.99,0.0,0
2025-11-15,39.99,39.99,0.0,0.0,275,275,0.0,39.99,0.0,0
2025-11-16,39.99,39.99,0.0,0.0,276,276,0.0,39.99,0.0,0
2025-11-17,39.99,39.99,0.0,0.0,277,277,0.0,39.99,0.0,0
2025-11-18,39.99,39.99,0.0,0.0,278,278,0.0,39.99,0.0,0
2025-11-19,39.99,39.99,0.0,0.0,279,279,0.0,39.99,0.0,1
2025-11-20,39.99,39.99,0.0,0.0,280,280,0.0,39.99,0.0,1
2025-11-21,39.99,39.99,0.0,0.0,281,281,0.0,39.99,0.0,1
2025-11-22,39.99,39.99,0.0,0.0,282,282,0.0,39.99,0.0,1
2025-11-23,39.99,39.99,0.0,0.0,283,283,0.0,39.99,0.0,1
2025-11-24,39.99,39.99,0.0,0.0,284,284,0.0,39.99,0.0,1
2025-11-25,39.99,39.99,0.0,0.0,285,285,0.0,39.99,0.0,1
2025-11-26,39.99,39.99,0.0,0.0,286,286,0.0,39.99,0.0,1
2025-11-27,39.99,39.99,0.0,0.0,287,287,0.0,39.99,0.0,1
2025-11-28,39.99,39.99,0.0,0.0,288,288,0.0,39.99,0.0,1
2025-11-29,39.99,39.99,0.0,0.0,289,289,0.0,39.99,0.0,1
2025-11-30,39.99,39.99,0.0,0.0,290,290,0.0,39.99,0.0,1
2025-12-01,39.99,39.99,0.0,0.0,291,291,0.0,39.99,0.0,1
2025-12-02,39.99,39.99,0.0,0.0,292,292,0.0,39.99,0.0,1
2025-12-03,39.99,39.99,0.0,0.0,293,293,0.0,39.99,0.0,1
2025-12-04,39.99,39.99,0.0,0.0,294,294,0.0,39.99,0.0,1
2025-12-05,39.99,39.99,0.0,0.0,295,295,0.0,39.99,0.0,1
2025-12-06,39.99,39.99,0.0,0.0,296,296,0.0,39.99,0.0,1
2025-12-07,39.99,39.99,0.0,0.0,297,297,0.0,39.99,0.0,1
2025-12-08,39.99,39.99,0.0,0.0,298,298,0.0,39.99,0.0,1
2025-12-09,39.99,39.99,0.0,0.0,299,299,0.0,39.99,0.0,1
2025-12-10,39.99,39.99,0.0,0.0,300,300,0.0,39.99,0.0,1
2025-12-11,39.99,39.99,0.0,0.0,301,301,0.0,39.99,0.0,1
2025-12-12,39.99,39.99,0.0,0.0,302,302,0.0,39.99,0.0,1
2025-12-13,39.99,39.99,0.0,0.0,303,303,0.0,39.99,0.0,1
2025-12-14,39.99,39.99,0.0,0.0,304,304,0.0,39.99,0.0,1
2025-12-15,39.99,39.99,0.0,0.0,305,305,0.0,39.99,0.0,1
2025-12-16,39.99,39.99,0.0,0.0,306,306,0.0,39.99,0.0,1
2025-12-17,39.99,39.99,0.0,0.0,307,307,0.0,39.99,0.0,1
2025-12-18,39.99,39.99,0.0,0.0,308,308,0.0,39.99,0.0,1
2025-12-19,29.99,29.99,0.0,0.0,0,0,0.0,39.99,0.0,0
2025-12-20,29.99,29.99,0.0,0.0,1,1,1.0,39.957741935483874,1.0,0
2025-12-21,29.99,29.99,0.0,0.0,2,2,1.0,39.92569131832798,1.0,0
2025-12-22,29.99,29.99,0.0,0.0,3,3,1.0,39.893846153846155,1.0,0
2025-12-23,29.99,29.99,0.0,0.0,4,4,1.0,39.86220447284345,1.0,0
2025-12-24,29.99,29.99,0.0,0.0,5,5,1.0,39.83076433121019,1.0,0
2025-12-25,29.99,29.99,0.0,0.0,6,6,1.0,39.79952380952381,1.0,0
2025-12-26,29.99,29.99,0.0,0.0,7,7,1.0,39.76848101265823,1.0,0
2025-12-27,29.99,29.99,0.0,0.0,8,8,1.0,39.73763406940063,1.0,0
2025-12-28,29.99,29.99,0.0,0.0,9,9,1.0,39.70698113207547,1.0,0
2025-12-29,29.99,29.99,0.0,0.0,10,10,1.0,39.67652037617555,1.0,0
2025-12-30,29.99,29.99,0.0,0.0,11,11,1.0,39.64625,1.0,0
2025-12-31,29.99,29.99,0.0,0.0,12,12,1.0,39.61616822429907,1.0,0
2026-01-01,29.99,29.99,0.0,0.0,13,13,1.0,39.586273291925465,1.0,0
2026-01-02,29.99,29.99,0.0,0.0,14,14,1.0,39.55656346749226,1.0,0
2026-01-03,29.99,29.99,0.0,0.0,15,15,1.0,39.52703703703704,1.0,0
2026-01-04,29.99,29.99,0.0,0.0,16,16,1.0,39.497692307692304,1.0,0
2026-01-05,29.99,29.99,0.0,0.0,17,17,1.0,39.46852760736196,1.0,0
2026-01-06,39.99,29.99,10.000000000000004,33.34444814938314,0,18,1.0,39.439541284403674,1.0,0
2026-01-07,39.99,29.99,10.000000000000004,33.34444814938314,1,19,1.0,39.441219512195126,2.0,0
2026-01-08,39.99,29.99,10.000000000000004,33.34444814938314,2,20,1.0,39.442887537993926,2.0,0
2026-01-09,39.99,29.99,10.000000000000004,33.34444814938314,3,21,1.0,39.444545454545455,2.0,0
2026-01-10,39.99,29.99,10.000000000000004,33.34444814938314,4,22,1.0,39.44619335347432,2.0,0
2026-01-11,39.99,29.99,10.000000000000004,33.34444814938314,5,23,1.0,39.44783132530121,2.0,0
2026-01-12,39.99,29.99,10.000000000000004,33.34444814938314,6,24,1.0,39.44945945945946,2.0,0
2026-01-13,39.99,29.99,10.000000000000004,33.34444814938314,7,25,1.0,39.45107784431138,2.0,0
2026-01-14,39.99,29.99,10.000000000000004,33.34444814938314,8,26,1.0,39.452686567164186,2.0,0
2026-01-15,39.99,29.99,10.000000000000004,33.34444814938314,9,27,1.0,39.45428571428572,2.0,0
2026-01-16,39.99,29.99,10.000000000000004,33.34444814938314,10,28,1.0,39.455875370919884,2.0,0
2026-01-17,39.99,29.99,10.000000000000004,33.34444814938314,11,29,1.0,39.457455621301776,2.0,0
2026-01-18,39.99,29.99,10.000000000000004,33.34444814938314,12,30,1.0,39.45902654867257,2.0,0
2026-01-19,39.99,29.99,10.000000000000004,33.34444814938314,13,31,1.0,39.46058823529412,2.0,0
2026-01-20,39.99,29.99,10.000000000000004,33.34444814938314,14,32,1.0,39.46214076246334,2.0,0
2026-01-21,39.99,29.99,10.000000000000004,33.34444814938314,15,33,1.0,39.46368421052632,2.0,0
2026-01-22,39.99,29.99,10.000000000000004,33.34444814938314,16,34,1.0,39.46521865889213,2.0,0
2026-01-23,39.99,29.99,10.000000000000004,33.34444814938314,17,35,1.0,39.46674418604652,2.0,0
2026-01-24,39.99,29.99,10.000000000000004,33.34444814938314,18,36,1.0,39.46826086956522,2.0,0
2026-01-25,39.99,29.99,10.000000000000004,33.34444814938314,19,37,1.0,39.46976878612717,2.0,0
2026-01-26,39.99,29.99,10.000000000000004,33.34444814938314,20,38,1.0,39.47126801152738,2.0,0
2026-01-27,39.99,29.99,10.000000000000004,33.34444814938314,21,39,1.0,39.47275862068965,2.0,0
2026-01-28,39.99,29.99,10.000000000000004,33.34444814938314,22,40,1.0,39.474240687679085,2.0,0
2026-01-29,39.99,29.99,10.000000000000004,33.34444814938314,23,41,1.0,39.47571428571428,2.0,0
2026-01-30,39.99,29.99,10.000000000000004,33.34444814938314,24,42,1.0,39.477179487179484,2.0,0
2026-01-31,39.99,29.99,10.000000000000004,33.34444814938314,25,43,1.0,39.47863636363637,2.0,0
2026-02-01,39.99,29.99,10.000000000000004,33.34444814938314,26,44,1.0,39.480084985835695,2.0,0
2026-02-02,39.99,29.99,10.000000000000004,33.34444814938314,27,45,1.0,39.48152542372882,2.0,0
2026-02-03,39.99,29.99,10.000000000000004,33.34444814938314,28,46,1.0,39.482957746478874,2.0,0
2026-02-04,39.99,29.99,10.000000000000004,33.34444814938314,29,47,1.0,39.48438202247191,2.0,0
2026-02-05,39.99,29.99,10.000000000000004,33.34444814938314,30,48,1.0,39.485798319327735,2.0,0
2026-02-06,39.99,29.99,10.000000000000004,33.34444814938314,31,49,1.0,39.487206703910616,2.0,0
2026-02-07,39.99,29.99,10.000000000000004,33.34444814938314,32,50,1.0,39.48860724233983,2.0,0
2026-02-08,39.99,29.99,10.000000000000004,33.34444814938314,33,51,1.0,39.49,2.0,0
2026-02-09,39.99,29.99,10.000000000000004,33.34444814938314,34,52,1.0,39.49138504155125,2.0,0
2026-02-10,39.99,29.99,10.000000000000004,33.34444814938314,35,53,1.0,39.49276243093923,2.0,0
2026-02-11,39.99,29.99,10.000000000000004,33.34444814938314,36,54,1.0,39.49413223140496,2.0,0
2026-02-12,39.99,29.99,10.000000000000004,33.34444814938314,37,55,1.0,39.495494505494506,2.0,0
2026-02-13,39.99,29.99,10.000000000000004,33.34444814938314,38,56,1.0,39.496849315068495,2.0,0
2026-02-14,39.99,29.99,10.000000000000004,33.34444814938314,39,57,1.0,39.496849315068495,2.0,0
2026-02-15,39.99,29.99,10.000000000000004,33.34444814938314,40,58,1.0,39.496849315068495,2.0,0
2026-02-16,39.99,29.99,10.000000000000004,33.34444814938314,41,59,1.0,39.4968493150685,2.0,0
2026-02-17,39.99,29.99,10.000000000000004,33.34444814938314,42,60,1.0,39.4968493150685,2.0,0
2026-02-18,39.99,29.99,10.000000000000004,33.34444814938314,43,61,1.0,39.496849315068495,2.0,1
2026-02-19,39.99,29.99,10.000000000000004,33.34444814938314,44,62,1.0,39.496849315068495,2.0,1
2026-02-20,39.99,29.99,10.000000000000004,33.34444814938314,45,63,1.0,39.496849315068495,2.0,1
2026-02-21,39.99,29.99,10.000000000000004,33.34444814938314,46,64,1.0,39.496849315068495,2.0,1
2026-02-22,39.99,29.99,10.000000000000004,33.34444814938314,47,65,1.0,39.496849315068495,2.0,1
2026-02-23,39.99,29.99,10.000000000000004,33.34444814938314,48,66,1.0,39.496849315068495,2.0,1
2026-02-24,39.99,29.99,10.000000000000004,33.34444814938314,49,67,1.0,39.496849315068495,2.0,1
2026-02-25,39.99,29.99,10.000000000000004,33.34444814938314,50,68,1.0,39.4968493150685,2.0,1
2026-02-26,39.99,29.99,10.000000000000004,33.34444814938314,51,69,1.0,39.496849315068495,2.0,1
2026-02-27,39.99,29.99,10.000000000000004,33.34444814938314,52,70,1.0,39.496849315068495,2.0,1
2026-02-28,39.99,29.99,10.000000000000004,33.34444814938314,53,71,1.0,39.496849315068495,2.0,1
2026-03-01,39.99,29.99,10.000000000000004,33.34444814938314,54,72,1.0,39.496849315068495,2.0,1
2026-03-02,39.99,29.99,10.000000000000004,33.34444814938314,55,73,1.0,39.496849315068495,2.0,1
2026-03-03,39.99,29.99,10.000000000000004,33.34444814938314,56,74,1.0,39.496849315068495,2.0,1
2026-03-04,39.99,29.99,10.000000000000004,33.34444814938314,57,75,1.0,39.496849315068495,2.0,1
2026-03-05,39.99,29.99,10.000000000000004,33.34444814938314,58,76,1.0,39.4968493150685,2.0,1
2026-03-06,39.99,29.99,10.000000000000004,33.34444814938314,59,77,1.0,39.496849315068495,2.0,1
2026-03-07,39.99,29.99,10.000000000000004,33.34444814938314,60,78,1.0,39.496849315068495,2.0,1
2026-03-08,39.99,29.99,10.000000000000004,33.34444814938314,61,79,1.0,39.496849315068495,2.0,1
2026-03-09,39.99,29.99,10.000000000000004,33.34444814938314,62,80,1.0,39.496849315068495,2.0,1
2026-03-10,39.99,29.99,10.000000000000004,33.34444814938314,63,81,1.0,39.496849315068495,2.0,1
2026-03-11,39.99,29.99,10.000000000000004,33.34444814938314,64,82,1.0,39.496849315068495,2.0,1
2026-03-12,39.99,29.99,10.000000000000004,33.34444814938314,65,83,1.0,39.496849315068495,2.0,1
2026-03-13,39.99,29.99,10.000000000000004,33.34444814938314,66,84,1.0,39.4968493150685,2.0,1
2026-03-14,39.99,29.99,10.000000000000004,33.34444814938314,67,85,1.0,39.496849315068495,2.0,1
2026-03-15,39.99,29.99,10.000000000000004,33.34444814938314,68,86,1.0,39.496849315068495,2.0,1
2026-03-16,39.99,29.99,10.000000000000004,33.34444814938314,69,87,1.0,39.496849315068495,2.0,1
2026-03-17,39.99,29.99,10.000000000000004,33.34444814938314,70,88,1.0,39.496849315068495,2.0,1
2026-03-18,39.99,29.99,10.000000000000004,33.34444814938314,71,89,1.0,39.496849315068495,2.0,1
2026-03-19,39.99,29.99,10.000000000000004,33.34444814938314,72,90,1.0,39.496849315068495,2.0,1
2026-03-20,29.99,29.99,0.0,0.0,0,0,1.0,39.496849315068495,2.0,0
2026-03-21,29.99,29.99,0.0,0.0,1,1,2.0,39.46945205479452,3.0,0
2026-03-22,29.99,29.99,0.0,0.0,2,2,2.0,39.44205479452055,3.0,0
2026-03-23,29.99,29.99,0.0,0.0,3,3,2.0,39.41465753424658,3.0,0
2026-03-24,29.99,29.99,0.0,0.0,4,4,2.0,39.3872602739726,3.0,0
2026-03-25,29.99,29.99,0.0,0.0,5,5,2.0,39.35986301369863,3.0,0
2026-03-26,29.99,29.99,0.0,0.0,6,6,2.0,39.33246575342466,3.0,0
2026-03-27,39.99,29.99,10.000000000000004,33.34444814938314,0,7,2.0,39.305068493150685,3.0,0
2026-03-28,39.99,29.99,10.000000000000004,33.34444814938314,1,8,2.0,39.305068493150685,4.0,0
2026-03-29,39.99,29.99,10.000000000000004,33.34444814938314,2,9,2.0,39.305068493150685,4.0,0
2026-03-30,39.99,29.99,10.000000000000004,33.34444814938314,3,10,2.0,39.30506849315069,4.0,0
2026-03-31,39.99,29.99,10.000000000000004,33.34444814938314,4,11,2.0,39.305068493150685,4.0,0
2026-04-01,39.99,29.99,10.000000000000004,33.34444814938314,5,12,2.0,39.305068493150685,4.0,0
2026-04-02,39.99,29.99,10.000000000000004,33.34444814938314,6,13,2.0,39.305068493150685,4.0,0
2026-04-03,39.99,29.99,10.000000000000004,33.34444814938314,7,14,2.0,39.305068493150685,4.0,0
2026-04-04,39.99,29.99,10.000000000000004,33.34444814938314,8,15,2.0,39.305068493150685,4.0,0
2026-04-05,39.99,29.99,10.000000000000004,33.34444814938314,9,16,2.0,39.305068493150685,4.0,0
2026-04-06,39.99,29.99,10.000000000000004,33.34444814938314,10,17,2.0,39.305068493150685,4.0,0
2026-04-07,39.99,29.99,10.000000000000004,33.34444814938314,11,18,2.0,39.30506849315069,4.0,0
2026-04-08,39.99,29.99,10.000000000000004,33.34444814938314,12,19,2.0,39.305068493150685,4.0,0
2026-04-09,39.99,29.99,10.000000000000004,33.34444814938314,13,20,2.0,39.305068493150685,4.0,0
2026-04-10,39.99,29.99,10.000000000000004,33.34444814938314,14,21,2.0,39.305068493150685,4.0,0
2026-04-11,39.99,29.99,10.000000000000004,33.34444814938314,15,22,2.0,39.305068493150685,4.0,0
2026-04-12,39.99,29.99,10.000000000000004,33.34444814938314,16,23,2.0,39.305068493150685,4.0,0
2026-04-13,39.99,29.99,10.000000000000004,33.34444814938314,17,24,2.0,39.305068493150685,4.0,0
2026-04-14,39.99,29.99,10.000000000000004,33.34444814938314,18,25,2.0,39.305068493150685,4.0,0
2026-04-15,39.99,29.99,10.000000000000004,33.34444814938314,19,26,2.0,39.30506849315069,4.0,0
2026-04-16,39.99,29.99,10.000000000000004,33.34444814938314,20,27,2.0,39.305068493150685,4.0,0
2026-04-17,39.99,29.99,10.000000000000004,33.34444814938314,21,28,2.0,39.305068493150685,4.0,0
2026-04-18,39.99,29.99,10.000000000000004,33.34444814938314,22,29,2.0,39.305068493150685,4.0,0
2026-04-19,39.99,29.99,10.000000000000004,33.34444814938314,23,30,2.0,39.305068493150685,4.0,0
2026-04-20,39.99,29.99,10.000000000000004,33.34444814938314,24,31,2.0,39.305068493150685,4.0,0
2026-04-21,39.99,29.99,10.000000000000004,33.34444814938314,25,32,2.0,39.305068493150685,4.0,0
2026-04-22,39.99,29.99,10.000000000000004,33.34444814938314,26,33,2.0,39.305068493150685,4.0,0
2026-04-23,39.99,29.99,10.000000000000004,33.34444814938314,27,34,2.0,39.30506849315069,4.0,0
2026-04-24,39.99,29.99,10.000000000000004,33.34444814938314,28,35,2.0,39.30506849315069,4.0,0
2026-04-25,39.99,29.99,10.000000000000004,33.34444814938314,29,36,2.0,39.305068493150685,4.0,0
2026-04-26,39.99,29.99,10.000000000000004,33.34444814938314,30,37,2.0,39.305068493150685,4.0,0
2026-04-27,39.99,29.99,10.000000000000004,33.34444814938314,31,38,2.0,39.305068493150685,4.0,0
2026-04-28,39.99,29.99,10.000000000000004,33.34444814938314,32,39,2.0,39.305068493150685,4.0,0
2026-04-29,39.99,29.99,10.000000000000004,33.34444814938314,33,40,2.0,39.305068493150685,4.0,0
2026-04-30,39.99,29.99,10.000000000000004,33.34444814938314,34,41,2.0,39.305068493150685,4.0,0
2026-05-01,39.99,29.99,10.000000000000004,33.34444814938314,35,42,2.0,39.305068493150685,4.0,0
2026-05-02,39.99,29.99,10.000000000000004,33.34444814938314,36,43,2.0,39.30506849315069,4.0,0
2026-05-03,39.99,29.99,10.000000000000004,33.34444814938314,37,44,2.0,39.305068493150685,4.0,0
2026-05-04,39.99,29.99,10.000000000000004,33.34444814938314,38,45,2.0,39.305068493150685,4.0,0
2026-05-05,39.99,29.99,10.000000000000004,33.34444814938314,39,46,2.0,39.305068493150685,4.0,0
2026-05-06,39.99,29.99,10.000000000000004,33.34444814938314,40,47,2.0,39.305068493150685,4.0,0
2026-05-07,39.99,29.99,10.000000000000004,33.34444814938314,41,48,2.0,39.305068493150685,4.0,0
2026-05-08,39.99,29.99,10.000000000000004,33.34444814938314,42,49,2.0,39.305068493150685,4.0,0
2026-05-09,39.99,29.99,10.000000000000004,33.34444814938314,43,50,2.0,39.305068493150685,4.0,0
2026-05-10,39.99,29.99,10.000000000000004,33.34444814938314,44,51,2.0,39.30506849315069,4.0,0
2026-05-11,39.99,29.99,10.000000000000004,33.34444814938314,45,52,2.0,39.305068493150685,4.0,0
2026-05-12,39.99,29.99,10.000000000000004,33.34444814938314,46,53,2.0,39.305068493150685,4.0,0
2026-05-13,39.99,29.99,10.000000000000004,33.34444814938314,47,54,2.0,39.305068493150685,4.0,0
2026-05-14,39.99,29.99,10.000000000000004,33.34444814938314,48,55,2.0,39.305068493150685,4.0,0
2026-05-15,39.99,29.99,10.000000000000004,33.34444814938314,49,56,2.0,39.305068493150685,4.0,0
2026-05-16,39.99,29.99,10.000000000000004,33.34444814938314,50,57,2.0,39.305068493150685,4.0,0
2026-05-17,39.99,29.99,10.000000000000004,33.34444814938314,51,58,2.0,39.305068493150685,4.0,0
2026-05-18,39.99,29.99,10.000000000000004,33.34444814938314,52,59,2.0,39.30506849315069,4.0,0
2026-05-19,39.99,29.99,10.000000000000004,33.34444814938314,53,60,2.0,39.305068493150685,4.0,0
2026-05-20,39.99,29.99,10.000000000000004,33.34444814938314,54,61,2.0,39.305068493150685,4.0,0
2026-05-21,39.99,29.99,10.000000000000004,33.34444814938314,55,62,2.0,39.305068493150685,4.0,0
2026-05-22,39.99,29.99,10.000000000000004,33.34444814938314,56,63,2.0,39.305068493150685,4.0,0
2026-05-23,39.99,29.99,10.000000000000004,33.34444814938314,57,64,2.0,39.305068493150685,4.0,0
2026-05-24,39.99,29.99,10.000000000000004,33.34444814938314,58,65,2.0,39.305068493150685,4.0,0
2026-05-25,39.99,29.99,10.000000000000004,33.34444814938314,59,66,2.0,39.305068493150685,4.0,0
2026-05-26,39.99,29.99,10.000000000000004,33.34444814938314,60,67,2.0,39.30506849315069,4.0,0
2026-05-27,39.99,29.99,10.000000000000004,33.34444814938314,61,68,2.0,39.30506849315069,4.0,1
2026-05-28,39.99,29.99,10.000000000000004,33.34444814938314,62,69,2.0,39.305068493150685,4.0,1
2026-05-29,39.99,29.99,10.000000000000004,33.34444814938314,63,70,2.0,39.305068493150685,4.0,1
2026-05-30,39.99,29.99,10.000000000000004,33.34444814938314,64,71,2.0,39.305068493150685,4.0,1
2026-05-31,39.99,29.99,10.000000000000004,33.34444814938314,65,72,2.0,39.305068493150685,4.0,1
2026-06-01,39.99,29.99,10.000000000000004,33.34444814938314,66,73,2.0,39.305068493150685,4.0,1
2026-06-02,39.99,29.99,10.000000000000004,33.34444814938314,67,74,2.0,39.305068493150685,4.0,1
2026-06-03,39.99,29.99,10.000000000000004,33.34444814938314,68,75,2.0,39.305068493150685,4.0,1
2026-06-04,39.99,29.99,10.000000000000004,33.34444814938314,69,76,2.0,39.30506849315069,4.0,1
2026-06-05,39.99,29.99,10.000000000000004,33.34444814938314,70,77,2.0,39.305068493150685,4.0,1
2026-06-06,39.99,29.99,10.000000000000004,33.34444814938314,71,78,2.0,39.305068493150685,4.0,1
2026-06-07,39.99,29.99,10.000000000000004,33.34444814938314,72,79,2.0,39.305068493150685,4.0,1
2026-06-08,39.99,29.99,10.000000000000004,33.34444814938314,73,80,2.0,39.305068493150685,4.0,1
2026-06-09,39.99,29.99,10.000000000000004,33.34444814938314,74,81,2.0,39.305068493150685,4.0,1
2026-06-10,39.99,29.99,10.000000000000004,33.34444814938314,75,82,2.0,39.305068493150685,4.0,1
2026-06-11,39.99,29.99,10.000000000000004,33.34444814938314,76,83,2.0,39.305068493150685,4.0,1
2026-06-12,39.99,29.99,10.000000000000004,33.34444814938314,77,84,2.0,39.30506849315069,4.0,1
2026-06-13,39.99,29.99,10.000000000000004,33.34444814938314,78,85,2.0,39.305068493150685,4.0,1
2026-06-14,39.99,29.99,10.000000000000004,33.34444814938314,79,86,2.0,39.305068493150685,4.0,1
2026-06-15,39.99,29.99,10.000000000000004,33.34444814938314,80,87,2.0,39.305068493150685,4.0,1
2026-06-16,39.99,29.99,10.000000000000004,33.34444814938314,81,88,2.0,39.305068493150685,4.0,1
2026-06-17,39.99,29.99,10.000000000000004,33.34444814938314,82,89,2.0,39.305068493150685,4.0,1
2026-06-18,39.99,29.99,10.000000000000004,33.34444814938314,83,90,2.0,39.305068493150685,4.0,1
2026-06-19,39.99,29.99,10.000000000000004,33.34444814938314,84,91,2.0,39.305068493150685,4.0,1
2026-06-20,39.99,29.99,10.000000000000004,33.34444814938314,85,92,2.0,39.30506849315069,4.0,1
2026-06-21,39.99,29.99,10.000000000000004,33.34444814938314,86,93,2.0,39.305068493150685,4.0,1
2026-06-22,39.99,29.99,10.000000000000004,33.34444814938314,87,94,2.0,39.305068493150685,4.0,1
2026-06-23,39.99,29.99,10.000000000000004,33.34444814938314,88,95,2.0,39.305068493150685,4.0,1
2026-06-24,39.99,29.99,10.000000000000004,33.34444814938314,89,96,2.0,39.305068493150685,4.0,1
2026-06-25,39.99,29.99,10.000000000000004,33.34444814938314,90,97,2.0,39.305068493150685,4.0,1
2026-06-26,29.99,29.99,0.0,0.0,0,0,2.0,39.305068493150685,4.0,0
2026-06-27,29.99,29.99,0.0,0.0,1,1,3.0,39.27767123287671,5.0,0
2026-06-28,29.99,29.99,0.0,0.0,2,2,3.0,39.25027397260274,5.0,0
2026-06-29,29.99,29.99,0.0,0.0,3,3,3.0,39.22287671232877,5.0,0
2026-06-30,29.99,29.99,0.0,0.0,4,4,3.0,39.1954794520548,5.0,0
2026-07-01,29.99,29.99,0.0,0.0,5,5,3.0,39.168082191780826,5.0,0
2026-07-02,29.99,29.99,0.0,0.0,6,6,3.0,39.14068493150685,5.0,0
2026-07-03,29.99,29.99,0.0,0.0,7,7,3.0,39.113287671232875,5.0,0
2026-07-04,29.99,29.99,0.0,0.0,8,8,3.0,39.0858904109589,5.0,0
2026-07-05,29.99,29.99,0.0,0.0,9,9,3.0,39.05849315068493,5.0,0
2026-07-06,29.99,29.99,0.0,0.0,10,10,3.0,39.03109589041096,5.0,0
2026-07-07,29.99,29.99,0.0,0.0,11,11,3.0,39.003698630136995,5.0,0
2026-07-08,29.99,29.99,0.0,0.0,12,12,3.0,38.976301369863016,5.0,0
2026-07-09,29.99,29.99,0.0,0.0,13,13,3.0,38.948904109589044,5.0,0
2026-07-10,39.99,29.99,10.000000000000004,33.34444814938314,0,14,3.0,38.92150684931507,5.0,0
2026-07-11,39.99,29.99,10.000000000000004,33.34444814938314,1,15,3.0,38.92150684931507,6.0,0
2026-07-12,39.99,29.99,10.000000000000004,33.34444814938314,2,16,3.0,38.92150684931507,6.0,0
2026-07-13,39.99,29.99,10.000000000000004,33.34444814938314,3,17,3.0,38.92150684931507,6.0,0
2026-07-14,39.99,29.99,10.000000000000004,33.34444814938314,4,18,3.0,38.92150684931507,6.0,0
2026-07-15,39.99,29.99,10.000000000000004,33.34444814938314,5,19,3.0,38.92150684931507,6.0,0
2026-07-16,39.99,29.99,10.000000000000004,33.34444814938314,6,20,3.0,38.92150684931507,6.0,0
2026-07-17,39.99,29.99,10.000000000000004,33.34444814938314,7,21,3.0,38.92150684931507,6.0,0
2026-07-18,39.99,29.99,10.000000000000004,33.34444814938314,8,22,3.0,38.92150684931507,6.0,0
2026-07-19,39.99,29.99,10.000000000000004,33.34444814938314,9,23,3.0,38.92150684931507,6.0,0
2026-07-20,39.99,29.99,10.000000000000004,33.34444814938314,10,24,3.0,38.92150684931507,6.0,0
2026-07-21,39.99,29.99,10.000000000000004,33.34444814938314,11,25,3.0,38.92150684931507,6.0,0
2026-07-22,39.99,29.99,10.000000000000004,33.34444814938314,12,26,3.0,38.92150684931507,6.0,0
2026-07-23,39.99,29.99,10.000000000000004,33.34444814938314,13,27,3.0,38.92150684931507,6.0,0
2026-07-24,39.99,29.99,10.000000000000004,33.34444814938314,14,28,3.0,38.92150684931507,6.0,0
2026-07-25,39.99,29.99,10.000000000000004,33.34444814938314,15,29,3.0,38.92150684931507,6.0,0
2026-07-26,39.99,29.99,10.000000000000004,33.34444814938314,16,30,3.0,38.92150684931507,6.0,0
2026-07-27,39.99,29.99,10.000000000000004,33.34444814938314,17,31,3.0,38.92150684931507,6.0,0
2026-07-28,39.99,29.99,10.000000000000004,33.34444814938314,18,32,3.0,38.92150684931507,6.0,0
2026-07-29,39.99,29.99,10.000000000000004,33.34444814938314,19,33,3.0,38.92150684931507,6.0,0
2026-07-30,39.99,29.99,10.000000000000004,33.34444814938314,20,34,3.0,38.92150684931507,6.0,0
2026-07-31,39.99,29.99,10.000000000000004,33.34444814938314,21,35,3.0,38.92150684931507,6.0,0
2026-08-01,39.99,29.99,10.000000000000004,33.34444814938314,22,36,3.0,38.92150684931507,6.0,0
2026-08-02,39.99,29.99,10.000000000000004,33.34444814938314,23,37,3.0,38.92150684931507,6.0,0
2026-08-03,39.99,29.99,10.000000000000004,33.34444814938314,24,38,3.0,38.92150684931507,6.0,0
2026-08-04,39.99,29.99,10.000000000000004,33.34444814938314,25,39,3.0,38.92150684931507,6.0,0
2026-08-05,39.99,29.99,10.000000000000004,33.34444814938314,26,40,3.0,38.92150684931507,6.0,0
2026-08-06,39.99,29.99,10.000000000000004,33.34444814938314,27,41,3.0,38.92150684931507,6.0,0
2026-08-07,39.99,29.99,10.000000000000004,33.34444814938314,28,42,3.0,38.92150684931507,6.0,0
2026-08-08,39.99,29.99,10.000000000000004,33.34444814938314,29,43,3.0,38.92150684931507,6.0,0
2026-08-09,39.99,29.99,10.000000000000004,33.34444814938314,30,44,3.0,38.92150684931507,6.0,0
2026-08-10,39.99,29.99,10.000000000000004,33.34444814938314,31,45,3.0,38.92150684931507,6.0,0
2026-08-11,39.99,29.99,10.000000000000004,33.34444814938314,32,46,3.0,38.92150684931507,6.0,0
2026-08-12,39.99,29.99,10.000000000000004,33.34444814938314,33,47,3.0,38.92150684931507,6.0,0
2026-08-13,39.99,29.99,10.000000000000004,33.34444814938314,34,48,3.0,38.92150684931507,6.0,0
2026-08-14,39.99,29.99,10.000000000000004,33.34444814938314,35,49,3.0,38.92150684931507,6.0,0
2026-08-15,39.99,29.99,10.000000000000004,33.34444814938314,36,50,3.0,38.92150684931507,6.0,0
2026-08-16,39.99,29.99,10.000000000000004,33.34444814938314,37,51,3.0,38.92150684931507,6.0,0
2026-08-17,39.99,29.99,10.000000000000004,33.34444814938314,38,52,3.0,38.92150684931507,6.0,0
2026-08-18,39.99,29.99,10.000000000000004,33.34444814938314,39,53,3.0,38.92150684931507,6.0,0
2026-08-19,39.99,29.99,10.000000000000004,33.34444814938314,40,54,3.0,38.92150684931507,6.0,0
2026-08-20,39.99,29.99,10.000000000000004,33.34444814938314,41,55,3.0,38.92150684931507,6.0,0
2026-08-21,39.99,29.99,10.000000000000004,33.34444814938314,42,56,3.0,38.92150684931507,6.0,0
2026-08-22,39.99,29.99,10.000000000000004,33.34444814938314,43,57,3.0,38.92150684931507,6.0,0
2026-08-23,39.99,29.99,10.000000000000004,33.34444814938314,44,58,3.0,38.92150684931507,6.0,0
2026-08-24,39.99,29.99,10.000000000000004,33.34444814938314,45,59,3.0,38.92150684931507,6.0,0
2026-08-25,39.99,29.99,10.000000000000004,33.34444814938314,46,60,3.0,38.92150684931507,6.0,0
2026-08-26,39.99,29.99,10.000000000000004,33.34444814938314,47,61,3.0,38.92150684931507,6.0,0
2026-08-27,39.99,29.99,10.000000000000004,33.34444814938314,48,62,3.0,38.92150684931507,6.0,0
2026-08-28,39.99,29.99,10.000000000000004,33.34444814938314,49,63,3.0,38.92150684931507,6.0,0
2026-08-29,39.99,29.99,10.000000000000004,33.34444814938314,50,64,3.0,38.92150684931507,6.0,0
2026-08-30,39.99,29.99,10.000000000000004,33.34444814938314,51,65,3.0,38.92150684931507,6.0,0
2026-08-31,39.99,29.99,10.000000000000004,33.34444814938314,52,66,3.0,38.92150684931507,6.0,0
2026-09-01,39.99,29.99,10.000000000000004,33.34444814938314,53,67,3.0,38.92150684931507,6.0,0
